id,studio,logo_url
441,8bit,https://cdn.myanimelist.net/images/company/441.png
1185,81 Produce,https://cdn.myanimelist.net/images/company/1185.png
1286,10Gauge,https://cdn.myanimelist.net/images/company/1286.png
2495,8PAN,https://cdn.myanimelist.net/images/company/2495.png
2503,7doc,https://cdn.myanimelist.net/images/company/2503.png
2264,5 Inc.,https://cdn.myanimelist.net/images/company/2264.png
2137,1IN,https://cdn.myanimelist.net/images/company/2137.png
2531,Youth Film Studio,https://cdn.myanimelist.net/images/company/2531.png
1838,33 Collective,https://cdn.myanimelist.net/images/company/1838.png
17,Aniplex,https://cdn.myanimelist.net/images/company/17.png
48,AIC,https://cdn.myanimelist.net/images/company/48.png
56,A-1 Pictures,https://cdn.myanimelist.net/images/company/56.png
242,Ashi Productions,https://cdn.myanimelist.net/images/company/242.png
2071,AQUA ARIS,https://cdn.myanimelist.net/images/company/2071.png
60,Actas,https://cdn.myanimelist.net/images/company/60.png
406,Asahi Production,https://cdn.myanimelist.net/images/company/406.png
8,Artland,https://cdn.myanimelist.net/images/company/8.png
179,A.C.G.T.,https://cdn.myanimelist.net/images/company/179.png
88,AIC ASTA,https://cdn.myanimelist.net/images/company/88.png
292,AIC PLUS+,https://cdn.myanimelist.net/images/company/292.png
473,Ascension,https://cdn.myanimelist.net/images/company/473.png
1939,Alpha Animation,https://cdn.myanimelist.net/images/company/1939.png
1299,AXsiZ,https://cdn.myanimelist.net/images/company/1299.png
1399,Asura Film,https://cdn.myanimelist.net/images/company/1399.png
436,AIC Build,https://cdn.myanimelist.net/images/company/436.png
2506,Ascendent Animation,https://cdn.myanimelist.net/images/company/2506.png
2048,ASK Animation Studio,https://cdn.myanimelist.net/images/company/2048.png
1874,Arvo Animation,https://cdn.myanimelist.net/images/company/1874.png
1306,AIC Classic,https://cdn.myanimelist.net/images/company/1306.png
1952,Animation Staff Room,https://cdn.myanimelist.net/images/company/1952.png
1949,Anon Pictures,https://cdn.myanimelist.net/images/company/1949.png
1257,A-Real,https://cdn.myanimelist.net/images/company/1257.png
521,Anpro,https://cdn.myanimelist.net/images/company/521.png
171,A-Line,https://cdn.myanimelist.net/images/company/171.png
1986,arma bianca,https://cdn.myanimelist.net/images/company/1986.png
1983,Anima&Co.,https://cdn.myanimelist.net/images/company/1983.png
2255,AIC RIGHTS,https://cdn.myanimelist.net/images/company/2255.png
2085,Acca effe,https://cdn.myanimelist.net/images/company/2085.png
2460,Anchor,https://cdn.myanimelist.net/images/company/2460.png
2298,AtelierPontdarc,https://cdn.myanimelist.net/images/company/2298.png
2272,AC-Bu,https://cdn.myanimelist.net/images/company/2272.png
2648,Au Praxinoscope,https://cdn.myanimelist.net/images/company/2648.png
2572,Adonero,https://cdn.myanimelist.net/images/company/2572.png
2388,Ai Yume Mai,https://cdn.myanimelist.net/images/company/2388.png
2362,Aiti St.,https://cdn.myanimelist.net/images/company/2362.png
2346,Alice Production,https://cdn.myanimelist.net/images/company/2346.png
2265,ARECT,https://cdn.myanimelist.net/images/company/2265.png
1966,Arch,https://cdn.myanimelist.net/images/company/1966.png
1861,Animation Planet,https://cdn.myanimelist.net/images/company/1861.png
878,An DerCen,https://cdn.myanimelist.net/images/company/878.png
2749,Anime Tokyo,https://cdn.myanimelist.net/images/company/2749.png
2613,Aurora Animation,https://cdn.myanimelist.net/images/company/2613.png
2551,Animation 501,https://cdn.myanimelist.net/images/company/2551.png
2514,AIC Project,https://cdn.myanimelist.net/images/company/2514.png
2510,ANiMix Project,https://cdn.myanimelist.net/images/company/2510.png
2482,Atti Production,https://cdn.myanimelist.net/images/company/2482.png
2449,Atorie A.B.C.,https://cdn.myanimelist.net/images/company/2449.png
2413,AION Studio,https://cdn.myanimelist.net/images/company/2413.png
2409,Amineworks,https://cdn.myanimelist.net/images/company/2409.png
2360,Amarcord,https://cdn.myanimelist.net/images/company/2360.png
2359,Aiko,https://cdn.myanimelist.net/images/company/2359.png
2355,Alfred Imageworks,https://cdn.myanimelist.net/images/company/2355.png
2079,Animation Lab Japan,https://cdn.myanimelist.net/images/company/2079.png
2068,Ai Si Animation Studio,https://cdn.myanimelist.net/images/company/2068.png
2020,Ark,https://cdn.myanimelist.net/images/company/2020.png
1999,Albacrow,https://cdn.myanimelist.net/images/company/1999.png
1990,Anime Friend,https://cdn.myanimelist.net/images/company/1990.png
1951,ANIDO FILM,https://cdn.myanimelist.net/images/company/1951.png
1897,Ankama Animations,https://cdn.myanimelist.net/images/company/1897.png
1867,Aurum Production,https://cdn.myanimelist.net/images/company/1867.png
1445,Arcs Create,https://cdn.myanimelist.net/images/company/1445.png
425,AIC Takarazuka,https://cdn.myanimelist.net/images/company/425.png
233,Bandai Entertainment,https://cdn.myanimelist.net/images/company/233.png
1414,bilibili,https://cdn.myanimelist.net/images/company/1414.png
112,Brain's Base,https://cdn.myanimelist.net/images/company/112.png
843,BS Fuji,https://cdn.myanimelist.net/images/company/843.png
1258,Bandai Namco Pictures,https://cdn.myanimelist.net/images/company/1258.png
5,Bee Train,https://cdn.myanimelist.net/images/company/5.png
1680,BS NTV,https://cdn.myanimelist.net/images/company/1680.png
397,Bridge,https://cdn.myanimelist.net/images/company/397.png
2530,Blue bread,https://cdn.myanimelist.net/images/company/2530.png
2425,Bandai Namco Music Live,https://cdn.myanimelist.net/images/company/2425.png
1466,Bandai Visual USA,https://cdn.myanimelist.net/images/company/1466.png
1980,Big Firebird Culture,https://cdn.myanimelist.net/images/company/1980.png
1547,Blade,https://cdn.myanimelist.net/images/company/1547.png
1722,Bibury Animation Studios,https://cdn.myanimelist.net/images/company/1722.png
1385,Blue Cat,https://cdn.myanimelist.net/images/company/1385.png
2055,BYMENT,https://cdn.myanimelist.net/images/company/2055.png
2049,BOMB! CUTE! BOMB!,https://cdn.myanimelist.net/images/company/2049.png
2191,BUILD DREAM,https://cdn.myanimelist.net/images/company/2191.png
1984,Bakken Record,https://cdn.myanimelist.net/images/company/1984.png
1811,Boyan Pictures,https://cdn.myanimelist.net/images/company/1811.png
1462,B&T,https://cdn.myanimelist.net/images/company/1462.png
2358,Big Wing,https://cdn.myanimelist.net/images/company/2358.png
2325,Bibury Animation CG,https://cdn.myanimelist.net/images/company/2325.png
1279,Buemon,https://cdn.myanimelist.net/images/company/1279.png
2598,Bigcat Studio,https://cdn.myanimelist.net/images/company/2598.png
2543,Blue Moon Studio Inc.,https://cdn.myanimelist.net/images/company/2543.png
2486,Blue Note,https://cdn.myanimelist.net/images/company/2486.png
2301,Borutong,https://cdn.myanimelist.net/images/company/2301.png
2082,Benlai Pictures,https://cdn.myanimelist.net/images/company/2082.png
1887,Brio Animation,https://cdn.myanimelist.net/images/company/1887.png
1341,Beijing Sunchime Happy Culture Company,https://cdn.myanimelist.net/images/company/1341.png
1326,Bitgang,https://cdn.myanimelist.net/images/company/1326.png
2083,Bianyue Culture,https://cdn.myanimelist.net/images/company/2083.png
1706,Beijing Rocen Digital,https://cdn.myanimelist.net/images/company/1706.png
1195,Creators in Pack,https://cdn.myanimelist.net/images/company/1195.png
605,C2C,https://cdn.myanimelist.net/images/company/605.png
1075,C-Station,https://cdn.myanimelist.net/images/company/1075.png
1357,Craftar Studios,https://cdn.myanimelist.net/images/company/1357.png
1893,CygamesPictures,https://cdn.myanimelist.net/images/company/1893.png
1322,Creative Power Entertaining,https://cdn.myanimelist.net/images/company/1322.png
2596,Comma Studio,https://cdn.myanimelist.net/images/company/2596.png
1460,Coastline Animation Studio,https://cdn.myanimelist.net/images/company/1460.png
1876,CLAP,https://cdn.myanimelist.net/images/company/1876.png
1639,Chiptune,https://cdn.myanimelist.net/images/company/1639.png
2600,Cloud Hearts,https://cdn.myanimelist.net/images/company/2600.png
2323,Cafe de Jeilhouse,https://cdn.myanimelist.net/images/company/2323.png
1795,CUCURI,https://cdn.myanimelist.net/images/company/1795.png
1662,Creators Dot Com,https://cdn.myanimelist.net/images/company/1662.png
2729,CANON RECORDINGS,https://cdn.myanimelist.net/images/company/2729.png
2594,CD Projekt Red,https://cdn.myanimelist.net/images/company/2594.png
2340,Cutie Bee,https://cdn.myanimelist.net/images/company/2340.png
2134,CANDY BOX,https://cdn.myanimelist.net/images/company/2134.png
1642,Circle Tribute,https://cdn.myanimelist.net/images/company/1642.png
2574,Circus Production,https://cdn.myanimelist.net/images/company/2574.png
2552,C&S Production,https://cdn.myanimelist.net/images/company/2552.png
2450,C and R,https://cdn.myanimelist.net/images/company/2450.png
2390,Concept Films,https://cdn.myanimelist.net/images/company/2390.png
2066,Congzhuo Animation,https://cdn.myanimelist.net/images/company/2066.png
1384,CinePix,https://cdn.myanimelist.net/images/company/1384.png
2481,Chimu Jika Hatsuden,https://cdn.myanimelist.net/images/company/2481.png
467,Discotek Media,https://cdn.myanimelist.net/images/company/467.png
276,DLE,https://cdn.myanimelist.net/images/company/276.png
95,Doga Kobo,https://cdn.myanimelist.net/images/company/95.png
51,Diomedéa,https://cdn.myanimelist.net/images/company/51.png
287,David Production,https://cdn.myanimelist.net/images/company/287.png
1673,DMM.futureworks,https://cdn.myanimelist.net/images/company/1673.png
1025,Dongwoo A&E,https://cdn.myanimelist.net/images/company/1025.png
1328,Decovocal,https://cdn.myanimelist.net/images/company/1328.png
2317,Dream Entertainment,https://cdn.myanimelist.net/images/company/2317.png
1111,DandeLion Animation Studio,https://cdn.myanimelist.net/images/company/1111.png
228,Daewon Media,https://cdn.myanimelist.net/images/company/228.png
1967,Drive,https://cdn.myanimelist.net/images/company/1967.png
1879,Dangun Pictures,https://cdn.myanimelist.net/images/company/1879.png
1575,DR Movie,https://cdn.myanimelist.net/images/company/1575.png
269,DiC Entertainment,https://cdn.myanimelist.net/images/company/269.png
2319,Datama Film,https://cdn.myanimelist.net/images/company/2319.png
1796,Digital Network Animation,https://cdn.myanimelist.net/images/company/1796.png
2586,D.ROCK-ART,https://cdn.myanimelist.net/images/company/2586.png
2046,Dazzling Star,https://cdn.myanimelist.net/images/company/2046.png
1848,Dancing CG Studio,https://cdn.myanimelist.net/images/company/1848.png
1661,drop,https://cdn.myanimelist.net/images/company/1661.png
2623,Dyna Method,https://cdn.myanimelist.net/images/company/2623.png
2133,Djinn Power,https://cdn.myanimelist.net/images/company/2133.png
1513,Dongyang Animation,https://cdn.myanimelist.net/images/company/1513.png
1512,Dai-Ichi Douga,https://cdn.myanimelist.net/images/company/1512.png
2558,Delpic,https://cdn.myanimelist.net/images/company/2558.png
2275,Drawing and Manual,https://cdn.myanimelist.net/images/company/2275.png
2241,Dawn Animation,https://cdn.myanimelist.net/images/company/2241.png
1940,Da Huoniao Donghua,https://cdn.myanimelist.net/images/company/1940.png
191,Eiken,https://cdn.myanimelist.net/images/company/191.png
1264,EMT Squared,https://cdn.myanimelist.net/images/company/1264.png
1522,Echoes,https://cdn.myanimelist.net/images/company/1522.png
354,Encourage Films,https://cdn.myanimelist.net/images/company/354.png
1351,EDGE,https://cdn.myanimelist.net/images/company/1351.png
1530,Emon,https://cdn.myanimelist.net/images/company/1530.png
1991,Enishiya,https://cdn.myanimelist.net/images/company/1991.png
2455,East Fish Studio,https://cdn.myanimelist.net/images/company/2455.png
1794,EKACHI EPILKA,https://cdn.myanimelist.net/images/company/1794.png
593,Egg,https://cdn.myanimelist.net/images/company/593.png
2406,Eallin,https://cdn.myanimelist.net/images/company/2406.png
2041,Enjin Productions,https://cdn.myanimelist.net/images/company/2041.png
1864,Ezόla,https://cdn.myanimelist.net/images/company/1864.png
2400,Executive Decision,https://cdn.myanimelist.net/images/company/2400.png
2399,Eshoya Honpo,https://cdn.myanimelist.net/images/company/2399.png
2714,evg,https://cdn.myanimelist.net/images/company/2714.png
2642,E&H Production,https://cdn.myanimelist.net/images/company/2642.png
2494,Enzo Animation,https://cdn.myanimelist.net/images/company/2494.png
2151,Ekakiya,https://cdn.myanimelist.net/images/company/2151.png
2114,Ether Kitten,https://cdn.myanimelist.net/images/company/2114.png
1433,Ekura Animal,https://cdn.myanimelist.net/images/company/1433.png
2485,Ezo Kobo,https://cdn.myanimelist.net/images/company/2485.png
91,feel.,https://cdn.myanimelist.net/images/company/91.png
866,Fanworks,https://cdn.myanimelist.net/images/company/866.png
1667,Foch Films,https://cdn.myanimelist.net/images/company/1667.png
1531,Flavors Soft,https://cdn.myanimelist.net/images/company/1531.png
2067,Flat Studio,https://cdn.myanimelist.net/images/company/2067.png
1556,Fuji Creative,https://cdn.myanimelist.net/images/company/1556.png
1440,Felix Film,https://cdn.myanimelist.net/images/company/1440.png
69,Front Line,https://cdn.myanimelist.net/images/company/69.png
2249,FLAGSHIP LINE,https://cdn.myanimelist.net/images/company/2249.png
2540,Fever Creations,https://cdn.myanimelist.net/images/company/2540.png
2658,flag Co.,https://cdn.myanimelist.net/images/company/2658.png
2412,FUNNY MOVIE,https://cdn.myanimelist.net/images/company/2412.png
3,Gonzo,https://cdn.myanimelist.net/images/company/3.png
86,Group TAC,https://cdn.myanimelist.net/images/company/86.png
1524,Geidai Animation,https://cdn.myanimelist.net/images/company/1524.png
6,Gainax,https://cdn.myanimelist.net/images/company/6.png
36,Gallop,https://cdn.myanimelist.net/images/company/36.png
400,Gathering,https://cdn.myanimelist.net/images/company/400.png
309,GoHands,https://cdn.myanimelist.net/images/company/309.png
1314,Gaina,https://cdn.myanimelist.net/images/company/1314.png
2175,Garden Culture,https://cdn.myanimelist.net/images/company/2175.png
1393,Geno Studio,https://cdn.myanimelist.net/images/company/1393.png
1369,G-Lam,https://cdn.myanimelist.net/images/company/1369.png
1837,G-angle,https://cdn.myanimelist.net/images/company/1837.png
1419,GARDEN LODGE,https://cdn.myanimelist.net/images/company/1419.png
2652,Gravity Well,https://cdn.myanimelist.net/images/company/2652.png
2389,G.P Entertainment,https://cdn.myanimelist.net/images/company/2389.png
2299,GIFTanimation,https://cdn.myanimelist.net/images/company/2299.png
2086,Giga Production,https://cdn.myanimelist.net/images/company/2086.png
1971,Gainax Kyoto,https://cdn.myanimelist.net/images/company/1971.png
1832,GRIZZLY,https://cdn.myanimelist.net/images/company/1832.png
2554,Gekkou,https://cdn.myanimelist.net/images/company/2554.png
2553,Garyuu Studio,https://cdn.myanimelist.net/images/company/2553.png
2226,Gambit,https://cdn.myanimelist.net/images/company/2226.png
1959,Green Monster Team,https://cdn.myanimelist.net/images/company/1959.png
1845,Guton Animation Studio,https://cdn.myanimelist.net/images/company/1845.png
2580,GUMBLAB,https://cdn.myanimelist.net/images/company/2580.png
2571,Griot Groove,https://cdn.myanimelist.net/images/company/2571.png
2484,Gunners,https://cdn.myanimelist.net/images/company/2484.png
2410,Gonzino,https://cdn.myanimelist.net/images/company/2410.png
2387,GA-CREW,https://cdn.myanimelist.net/images/company/2387.png
2375,GAV Video,https://cdn.myanimelist.net/images/company/2375.png
2115,Gosay Studio,https://cdn.myanimelist.net/images/company/2115.png
1866,Grom,https://cdn.myanimelist.net/images/company/1866.png
2167,Hololive Production,https://cdn.myanimelist.net/images/company/2167.png
1325,Haoliners Animation League,https://cdn.myanimelist.net/images/company/1325.png
346,Hoods Entertainment,https://cdn.myanimelist.net/images/company/346.png
2431,Happinet Phantom Studios,https://cdn.myanimelist.net/images/company/2431.png
2525,Hurray!,https://cdn.myanimelist.net/images/company/2525.png
2472,High Energy Studio,https://cdn.myanimelist.net/images/company/2472.png
2285,"Horgos Coloroom Pictures Co., Ltd.",https://cdn.myanimelist.net/images/company/2285.png
1360,Hoods Drifters Studio,https://cdn.myanimelist.net/images/company/1360.png
492,Horannabi,https://cdn.myanimelist.net/images/company/492.png
2715,Hand to Mouse.,https://cdn.myanimelist.net/images/company/2715.png
1276,HS Pictures Studio,https://cdn.myanimelist.net/images/company/1276.png
1766,Husio Studio,https://cdn.myanimelist.net/images/company/1766.png
2750,Hu Po Donghua,https://cdn.myanimelist.net/images/company/2750.png
2675,Hiroshima City University,https://cdn.myanimelist.net/images/company/2675.png
2477,Hifumi Shobo,https://cdn.myanimelist.net/images/company/2477.png
2432,happyproject,https://cdn.myanimelist.net/images/company/2432.png
2370,Hayabusa Film,https://cdn.myanimelist.net/images/company/2370.png
2192,Hai An Xian Donghua Gongzuo Shi,https://cdn.myanimelist.net/images/company/2192.png
1769,helo.inc,https://cdn.myanimelist.net/images/company/1769.png
2364,Hanjin Animation,https://cdn.myanimelist.net/images/company/2364.png
1806,iQIYI,https://cdn.myanimelist.net/images/company/1806.png
1169,ILCA,https://cdn.myanimelist.net/images/company/1169.png
75,Imagin,https://cdn.myanimelist.net/images/company/75.png
1903,IMAGICA Lab.,https://cdn.myanimelist.net/images/company/1903.png
898,I.Gzwei,https://cdn.myanimelist.net/images/company/898.png
1690,Imagineer,https://cdn.myanimelist.net/images/company/1690.png
1527,Image House,https://cdn.myanimelist.net/images/company/1527.png
1353,Issen,https://cdn.myanimelist.net/images/company/1353.png
601,ixtl,https://cdn.myanimelist.net/images/company/601.png
2320,Inugoya,https://cdn.myanimelist.net/images/company/2320.png
1767,iDRAGONS Creative Studio,https://cdn.myanimelist.net/images/company/1767.png
2538,Imagestone Inc.,https://cdn.myanimelist.net/images/company/2538.png
2470,iDreamSky,https://cdn.myanimelist.net/images/company/2470.png
2437,Infinity Vision,https://cdn.myanimelist.net/images/company/2437.png
2418,Imagica Digitalscape,https://cdn.myanimelist.net/images/company/2418.png
2392,Ishibashi Planning,https://cdn.myanimelist.net/images/company/2392.png
2347,IKK Room,https://cdn.myanimelist.net/images/company/2347.png
2198,Irawias,https://cdn.myanimelist.net/images/company/2198.png
1812,Imagica Imageworks,https://cdn.myanimelist.net/images/company/1812.png
1437,Ishimori Entertainment,https://cdn.myanimelist.net/images/company/1437.png
755,Jumondo,https://cdn.myanimelist.net/images/company/755.png
2382,J.T.P.P.,https://cdn.myanimelist.net/images/company/2382.png
1851,Jumonji,https://cdn.myanimelist.net/images/company/1851.png
1435,JCF,https://cdn.myanimelist.net/images/company/1435.png
1320,Joker Films,https://cdn.myanimelist.net/images/company/1320.png
2488,J.K.I,https://cdn.myanimelist.net/images/company/2488.png
2395,J.C.F.,https://cdn.myanimelist.net/images/company/2395.png
2363,JOF,https://cdn.myanimelist.net/images/company/2363.png
2210,Jichitai Anime,https://cdn.myanimelist.net/images/company/2210.png
2081,JJJOY Animation Studios,https://cdn.myanimelist.net/images/company/2081.png
1545,Japan Taps,https://cdn.myanimelist.net/images/company/1545.png
432,Kachidoki Studio,https://cdn.myanimelist.net/images/company/432.png
290,Kinema Citrus,https://cdn.myanimelist.net/images/company/290.png
437,Kamikaze Douga,https://cdn.myanimelist.net/images/company/437.png
47,Khara,https://cdn.myanimelist.net/images/company/47.png
2256,Kitty Film Mitaka Studio,https://cdn.myanimelist.net/images/company/2256.png
330,Kanaban Graphics,https://cdn.myanimelist.net/images/company/330.png
2504,Konami Cross Media NY,https://cdn.myanimelist.net/images/company/2504.png
2309,Kamitsubaki Studio,https://cdn.myanimelist.net/images/company/2309.png
1947,Kate Arrow,https://cdn.myanimelist.net/images/company/1947.png
1773,KJJ Animation,https://cdn.myanimelist.net/images/company/1773.png
2350,Kantou Douga Kai,https://cdn.myanimelist.net/images/company/2350.png
2565,Kobe Design University,https://cdn.myanimelist.net/images/company/2565.png
2356,Kung Fu Frog Animation,https://cdn.myanimelist.net/images/company/2356.png
2453,Kusama Art,https://cdn.myanimelist.net/images/company/2453.png
2183,Keica,https://cdn.myanimelist.net/images/company/2183.png
2544,Kami Kukan,https://cdn.myanimelist.net/images/company/2544.png
2487,Kyushu Network Animation,https://cdn.myanimelist.net/images/company/2487.png
2416,Kent House,https://cdn.myanimelist.net/images/company/2416.png
2366,Kigumi,https://cdn.myanimelist.net/images/company/2366.png
2348,KKC Animation Production,https://cdn.myanimelist.net/images/company/2348.png
2061,Kaca Entertainment,https://cdn.myanimelist.net/images/company/2061.png
1916,Kadokawa Animation,https://cdn.myanimelist.net/images/company/1916.png
1668,Karasfilms,https://cdn.myanimelist.net/images/company/1668.png
2661,Kinematics,https://cdn.myanimelist.net/images/company/2661.png
839,LIDENFILMS,https://cdn.myanimelist.net/images/company/839.png
456,Lerche,https://cdn.myanimelist.net/images/company/456.png
1829,Lesprit,https://cdn.myanimelist.net/images/company/1829.png
1087,Lay-duce,https://cdn.myanimelist.net/images/company/1087.png
1268,L²Studio,https://cdn.myanimelist.net/images/company/1268.png
1774,LAN Studio,https://cdn.myanimelist.net/images/company/1774.png
1485,Light Chaser Animation Studios,https://cdn.myanimelist.net/images/company/1485.png
1828,Lapin Track,https://cdn.myanimelist.net/images/company/1828.png
2645,Liyu Culture,https://cdn.myanimelist.net/images/company/2645.png
312,Life Work,https://cdn.myanimelist.net/images/company/312.png
2143,LX Animation Studio,https://cdn.myanimelist.net/images/company/2143.png
2649,LB Commerce,https://cdn.myanimelist.net/images/company/2649.png
2578,Liu Cong Animation,https://cdn.myanimelist.net/images/company/2578.png
2211,Lingsanwu Animation,https://cdn.myanimelist.net/images/company/2211.png
2053,l-a-unch・BOX,https://cdn.myanimelist.net/images/company/2053.png
1995,Live2D Creative Studio,https://cdn.myanimelist.net/images/company/1995.png
2527,Liber,https://cdn.myanimelist.net/images/company/2527.png
1982,LIDENFILMS Osaka Studio,https://cdn.myanimelist.net/images/company/1982.png
2336,Lead,https://cdn.myanimelist.net/images/company/2336.png
2142,LEVELS,https://cdn.myanimelist.net/images/company/2142.png
2383,Lyrics,https://cdn.myanimelist.net/images/company/2383.png
11,Madhouse,https://cdn.myanimelist.net/images/company/11.png
569,MAPPA,https://cdn.myanimelist.net/images/company/569.png
68,Mushi Production,https://cdn.myanimelist.net/images/company/68.png
490,Maiden Japan,https://cdn.myanimelist.net/images/company/490.png
135,MediaNet,https://cdn.myanimelist.net/images/company/135.png
1237,Millepensee,https://cdn.myanimelist.net/images/company/1237.png
1978,Maho Film,https://cdn.myanimelist.net/images/company/1978.png
1827,Motion Magic,https://cdn.myanimelist.net/images/company/1827.png
1296,Marza Animation Planet,https://cdn.myanimelist.net/images/company/1296.png
2330,Meltdown,https://cdn.myanimelist.net/images/company/2330.png
1810,Mili Pictures,https://cdn.myanimelist.net/images/company/1810.png
1725,Minakata Laboratory,https://cdn.myanimelist.net/images/company/1725.png
2566,Musashino Art University,https://cdn.myanimelist.net/images/company/2566.png
2316,Maboroshi Koubou,https://cdn.myanimelist.net/images/company/2316.png
2222,MediaNet Pictures,https://cdn.myanimelist.net/images/company/2222.png
2162,Maxilla,https://cdn.myanimelist.net/images/company/2162.png
2253,miHoYoAnime,https://cdn.myanimelist.net/images/company/2253.png
2177,Mimoid,https://cdn.myanimelist.net/images/company/2177.png
2069,Making Animation,https://cdn.myanimelist.net/images/company/2069.png
1854,monofilmo,https://cdn.myanimelist.net/images/company/1854.png
2440,Micro House,https://cdn.myanimelist.net/images/company/2440.png
2622,Makaria,https://cdn.myanimelist.net/images/company/2622.png
2414,MontBlanc Pictures,https://cdn.myanimelist.net/images/company/2414.png
2393,MB planning,https://cdn.myanimelist.net/images/company/2393.png
2339,Melissa,https://cdn.myanimelist.net/images/company/2339.png
2322,Mousou Senka,https://cdn.myanimelist.net/images/company/2322.png
1860,Magia Doraglier,https://cdn.myanimelist.net/images/company/1860.png
2374,Momoi Planning,https://cdn.myanimelist.net/images/company/2374.png
2334,Mouse,https://cdn.myanimelist.net/images/company/2334.png
2283,Manga Productions,https://cdn.myanimelist.net/images/company/2283.png
2267,MMT Technology,https://cdn.myanimelist.net/images/company/2267.png
2040,Maro Studio,https://cdn.myanimelist.net/images/company/2040.png
1525,Moss Design Unit,https://cdn.myanimelist.net/images/company/1525.png
2704,Miki Production,https://cdn.myanimelist.net/images/company/2704.png
2491,Mikimoto Production,https://cdn.myanimelist.net/images/company/2491.png
2421,M&M,https://cdn.myanimelist.net/images/company/2421.png
2394,MoMo Production,https://cdn.myanimelist.net/images/company/2394.png
2368,Miyuki Production,https://cdn.myanimelist.net/images/company/2368.png
2365,MI,https://cdn.myanimelist.net/images/company/2365.png
2213,Magma Studio,https://cdn.myanimelist.net/images/company/2213.png
2188,Marone,https://cdn.myanimelist.net/images/company/2188.png
1937,MAT,https://cdn.myanimelist.net/images/company/1937.png
1849,MASTER LIGHTS,https://cdn.myanimelist.net/images/company/1849.png
1442,Mook DLE,https://cdn.myanimelist.net/images/company/1442.png
1248,Mirai Fusion,https://cdn.myanimelist.net/images/company/1248.png
139,Nihon Ad Systems,https://cdn.myanimelist.net/images/company/139.png
1003,Nippon Television Network,https://cdn.myanimelist.net/images/company/1003.png
1366,Nagoya Broadcasting Network,https://cdn.myanimelist.net/images/company/1366.png
70,Nomad,https://cdn.myanimelist.net/images/company/70.png
1977,Netflix,https://cdn.myanimelist.net/images/company/1977.png
1589,NichiNare,https://cdn.myanimelist.net/images/company/1589.png
2269,New Generation,https://cdn.myanimelist.net/images/company/2269.png
1567,Nut,https://cdn.myanimelist.net/images/company/1567.png
1804,Nice Boat Animation,https://cdn.myanimelist.net/images/company/1804.png
852,Nexus,https://cdn.myanimelist.net/images/company/852.png
1612,NADA Holdings,https://cdn.myanimelist.net/images/company/1612.png
266,Natural High,https://cdn.myanimelist.net/images/company/266.png
2303,Noovo,https://cdn.myanimelist.net/images/company/2303.png
1536,Namu Animation,https://cdn.myanimelist.net/images/company/1536.png
1387,Neft Film,https://cdn.myanimelist.net/images/company/1387.png
2728,New Deer,https://cdn.myanimelist.net/images/company/2728.png
2721,NHK Art,https://cdn.myanimelist.net/images/company/2721.png
2560,Nekonigashi Inc.,https://cdn.myanimelist.net/images/company/2560.png
2517,nobishiro lab,https://cdn.myanimelist.net/images/company/2517.png
2277,Network Kouenji Studio,https://cdn.myanimelist.net/images/company/2277.png
2010,Nippon Ramayana Film Co.,https://cdn.myanimelist.net/images/company/2010.png
1670,Nishiki Studio,https://cdn.myanimelist.net/images/company/1670.png
1491,Next,https://cdn.myanimelist.net/images/company/1491.png
28,OLM,https://cdn.myanimelist.net/images/company/28.png
1005,Oddjob,https://cdn.myanimelist.net/images/company/1005.png
1717,Onionskin,https://cdn.myanimelist.net/images/company/1717.png
1231,OLM Digital,https://cdn.myanimelist.net/images/company/1231.png
334,Ordet,https://cdn.myanimelist.net/images/company/334.png
2318,ORADA COMPANY,https://cdn.myanimelist.net/images/company/2318.png
2315,Office No. 8,https://cdn.myanimelist.net/images/company/2315.png
2037,Okuruto Noboru,https://cdn.myanimelist.net/images/company/2037.png
429,Office AO,https://cdn.myanimelist.net/images/company/429.png
2561,OTOIRO,https://cdn.myanimelist.net/images/company/2561.png
2361,Okumaza,https://cdn.myanimelist.net/images/company/2361.png
2345,Onion Studio,https://cdn.myanimelist.net/images/company/2345.png
1809,October Media,https://cdn.myanimelist.net/images/company/1809.png
2703,Oyster,https://cdn.myanimelist.net/images/company/2703.png
2550,ONIRO,https://cdn.myanimelist.net/images/company/2550.png
2326,OLM Team Yoshioka,https://cdn.myanimelist.net/images/company/2326.png
2193,ORENDA,https://cdn.myanimelist.net/images/company/2193.png
1473,Odolttogi,https://cdn.myanimelist.net/images/company/1473.png
1281,Office DCI,https://cdn.myanimelist.net/images/company/1281.png
2204,OZ,https://cdn.myanimelist.net/images/company/2204.png
2172,Original Dream,https://cdn.myanimelist.net/images/company/2172.png
1,Pierrot,https://cdn.myanimelist.net/images/company/1.png
1023,Polygon Pictures,https://cdn.myanimelist.net/images/company/1023.png
439,Project No.9,https://cdn.myanimelist.net/images/company/439.png
1229,Pie in the sky,https://cdn.myanimelist.net/images/company/1229.png
196,Production Reed,https://cdn.myanimelist.net/images/company/196.png
2342,PP Project,https://cdn.myanimelist.net/images/company/2342.png
2073,Painting Dream,https://cdn.myanimelist.net/images/company/2073.png
1751,pH Studio,https://cdn.myanimelist.net/images/company/1751.png
1471,Platinum Vision,https://cdn.myanimelist.net/images/company/1471.png
1746,Pops Inc.,https://cdn.myanimelist.net/images/company/1746.png
1290,Pollyanna Graphics,https://cdn.myanimelist.net/images/company/1290.png
2353,P core,https://cdn.myanimelist.net/images/company/2353.png
2321,Production D.M.H,https://cdn.myanimelist.net/images/company/2321.png
2276,Project Team Sarah,https://cdn.myanimelist.net/images/company/2276.png
1669,production doA,https://cdn.myanimelist.net/images/company/1669.png
2371,Planet Cartoon,https://cdn.myanimelist.net/images/company/2371.png
2310,Paper Plane Animation Studio,https://cdn.myanimelist.net/images/company/2310.png
2157,Production +h.,https://cdn.myanimelist.net/images/company/2157.png
2268,Point Pictures,https://cdn.myanimelist.net/images/company/2268.png
2047,Pancake,https://cdn.myanimelist.net/images/company/2047.png
1938,Polygon Magic,https://cdn.myanimelist.net/images/company/1938.png
1762,Piso Studio,https://cdn.myanimelist.net/images/company/1762.png
1354,Penta Show Studios,https://cdn.myanimelist.net/images/company/1354.png
2452,Project Team Muu,https://cdn.myanimelist.net/images/company/2452.png
2397,Pink Cat,https://cdn.myanimelist.net/images/company/2397.png
2377,Pak Production,https://cdn.myanimelist.net/images/company/2377.png
2349,Potato House,https://cdn.myanimelist.net/images/company/2349.png
2266,Planet Nemo Animation,https://cdn.myanimelist.net/images/company/2266.png
2207,Poly Animation,https://cdn.myanimelist.net/images/company/2207.png
2171,Paper Animation,https://cdn.myanimelist.net/images/company/2171.png
1764,Picona,https://cdn.myanimelist.net/images/company/1764.png
1382,Piko Studio,https://cdn.myanimelist.net/images/company/1382.png
2288,Qzil.la,https://cdn.myanimelist.net/images/company/2288.png
2140,Qianqi Animation,https://cdn.myanimelist.net/images/company/2140.png
2314,Quad,https://cdn.myanimelist.net/images/company/2314.png
2274,Qiying Animation,https://cdn.myanimelist.net/images/company/2274.png
1304,Qualia Animation,https://cdn.myanimelist.net/images/company/1304.png
2243,Quebico,https://cdn.myanimelist.net/images/company/2243.png
2636,Qingxiang Culture,https://cdn.myanimelist.net/images/company/2636.png
2599,QualiArts,https://cdn.myanimelist.net/images/company/2599.png
1975,Qubic Pictures,https://cdn.myanimelist.net/images/company/1975.png
2042,Ruo Hong Culture,https://cdn.myanimelist.net/images/company/2042.png
1181,RG Animation Studios,https://cdn.myanimelist.net/images/company/1181.png
2126,Red Dog Culture House,https://cdn.myanimelist.net/images/company/2126.png
1067,Rising Force,https://cdn.myanimelist.net/images/company/1067.png
1692,Revoroot,https://cdn.myanimelist.net/images/company/1692.png
1362,Rabbit Machine,https://cdn.myanimelist.net/images/company/1362.png
2454,Ryuu M's,https://cdn.myanimelist.net/images/company/2454.png
1489,Ripromo,https://cdn.myanimelist.net/images/company/1489.png
2209,Reiki Eyes Animation,https://cdn.myanimelist.net/images/company/2209.png
376,Sentai Filmworks,https://cdn.myanimelist.net/images/company/376.png
37,Studio Deen,https://cdn.myanimelist.net/images/company/37.png
247,Shin-Ei Animation,https://cdn.myanimelist.net/images/company/247.png
62,Shogakukan-Shueisha Productions,https://cdn.myanimelist.net/images/company/62.png
44,Shaft,https://cdn.myanimelist.net/images/company/44.png
777,Showgate,https://cdn.myanimelist.net/images/company/777.png
300,SILVER LINK.,https://cdn.myanimelist.net/images/company/300.png
41,Satelight,https://cdn.myanimelist.net/images/company/41.png
541,Seven,https://cdn.myanimelist.net/images/company/541.png
719,Studio Mausu,https://cdn.myanimelist.net/images/company/719.png
13,Studio 4°C,https://cdn.myanimelist.net/images/company/13.png
101,Studio Hibari,https://cdn.myanimelist.net/images/company/101.png
126,Studio Comet,https://cdn.myanimelist.net/images/company/126.png
407,Studio 9 Maiami,https://cdn.myanimelist.net/images/company/407.png
737,Sony Music Communications,https://cdn.myanimelist.net/images/company/737.png
537,SANZIGEN,https://cdn.myanimelist.net/images/company/537.png
418,Studio Gokumi,https://cdn.myanimelist.net/images/company/418.png
24,Studio Fantasia,https://cdn.myanimelist.net/images/company/24.png
15,Sony Pictures Entertainment,https://cdn.myanimelist.net/images/company/15.png
35,Seven Arcs,https://cdn.myanimelist.net/images/company/35.png
1278,Signal.MD,https://cdn.myanimelist.net/images/company/1278.png
1375,Studio Jam,https://cdn.myanimelist.net/images/company/1375.png
235,Shirogumi,https://cdn.myanimelist.net/images/company/235.png
2059,Soyep,https://cdn.myanimelist.net/images/company/2059.png
1569,Seven Arcs Pictures,https://cdn.myanimelist.net/images/company/1569.png
1127,Studio 3Hz,https://cdn.myanimelist.net/images/company/1127.png
1119,Shuka,https://cdn.myanimelist.net/images/company/1119.png
2244,Studio Gohan,https://cdn.myanimelist.net/images/company/2244.png
1155,Studio Moriken,https://cdn.myanimelist.net/images/company/1155.png
1934,Saigo no Shudan,https://cdn.myanimelist.net/images/company/1934.png
1591,Science SARU,https://cdn.myanimelist.net/images/company/1591.png
1383,Studio Live,https://cdn.myanimelist.net/images/company/1383.png
2215,Showten,https://cdn.myanimelist.net/images/company/2215.png
1997,Studio Kai,https://cdn.myanimelist.net/images/company/1997.png
1836,SELFISH,https://cdn.myanimelist.net/images/company/1836.png
1189,Sola Digital Arts,https://cdn.myanimelist.net/images/company/1189.png
2004,Sunrise Beyond,https://cdn.myanimelist.net/images/company/2004.png
478,Studio Blanc.,https://cdn.myanimelist.net/images/company/478.png
2379,Scooter Films,https://cdn.myanimelist.net/images/company/2379.png
1968,Studio Hokiboshi,https://cdn.myanimelist.net/images/company/1968.png
1647,Smiral Animation,https://cdn.myanimelist.net/images/company/1647.png
2332,Shion,https://cdn.myanimelist.net/images/company/2332.png
1830,Seven Stone Entertainment,https://cdn.myanimelist.net/images/company/1830.png
1927,Studio Crocodile,https://cdn.myanimelist.net/images/company/1927.png
1873,Silver,https://cdn.myanimelist.net/images/company/1873.png
1724,Studio OX,https://cdn.myanimelist.net/images/company/1724.png
2541,SAMG Entertainment,https://cdn.myanimelist.net/images/company/2541.png
2335,Shindeban Film,https://cdn.myanimelist.net/images/company/2335.png
2271,Studio RE:Map,https://cdn.myanimelist.net/images/company/2271.png
555,Studio Chizu,https://cdn.myanimelist.net/images/company/555.png
2512,Studio Easter,https://cdn.myanimelist.net/images/company/2512.png
2331,Shura,https://cdn.myanimelist.net/images/company/2331.png
2246,studio MOTHER,https://cdn.myanimelist.net/images/company/2246.png
2080,Super Normal Studio,https://cdn.myanimelist.net/images/company/2080.png
1993,Studio Bind,https://cdn.myanimelist.net/images/company/1993.png
1476,Shochiku Animation Institute,https://cdn.myanimelist.net/images/company/1476.png
1324,Shimogumi,https://cdn.myanimelist.net/images/company/1324.png
999,Studio Animal,https://cdn.myanimelist.net/images/company/999.png
2337,Studio Soul,https://cdn.myanimelist.net/images/company/2337.png
2329,Shinjukuza,https://cdn.myanimelist.net/images/company/2329.png
2327,Studio Boogie Nights,https://cdn.myanimelist.net/images/company/2327.png
2300,Studio Jemi,https://cdn.myanimelist.net/images/company/2300.png
2258,Sharefun Studio,https://cdn.myanimelist.net/images/company/2258.png
1892,Sublimation,https://cdn.myanimelist.net/images/company/1892.png
1847,Square Enix Visual Works,https://cdn.myanimelist.net/images/company/1847.png
1844,Shanghai Hippo Animation,https://cdn.myanimelist.net/images/company/1844.png
1523,Studio Ponoc,https://cdn.myanimelist.net/images/company/1523.png
1521,Studio Elle,https://cdn.myanimelist.net/images/company/1521.png
1509,Studio World,https://cdn.myanimelist.net/images/company/1509.png
1426,Studio Meditation With a Pencil,https://cdn.myanimelist.net/images/company/1426.png
1420,SIDO LIMITED,https://cdn.myanimelist.net/images/company/1420.png
2534,studio YOG,https://cdn.myanimelist.net/images/company/2534.png
2457,Studio Ranmaru,https://cdn.myanimelist.net/images/company/2457.png
2405,Staple Entertainment,https://cdn.myanimelist.net/images/company/2405.png
2341,Studio Prokion,https://cdn.myanimelist.net/images/company/2341.png
2328,Sonsan Kikaku,https://cdn.myanimelist.net/images/company/2328.png
2201,Studio Palette,https://cdn.myanimelist.net/images/company/2201.png
1853,Saetta,https://cdn.myanimelist.net/images/company/1853.png
1763,Studio Nanahoshi,https://cdn.myanimelist.net/images/company/1763.png
1479,Studio Core,https://cdn.myanimelist.net/images/company/1479.png
1352,Studio Ten Carat,https://cdn.myanimelist.net/images/company/1352.png
1348,Sugar Boy,https://cdn.myanimelist.net/images/company/1348.png
338,Studio Bogey,https://cdn.myanimelist.net/images/company/338.png
2563,Studio Tumble,https://cdn.myanimelist.net/images/company/2563.png
2338,Studio Ten,https://cdn.myanimelist.net/images/company/2338.png
2282,Studio Guts,https://cdn.myanimelist.net/images/company/2282.png
2240,Studio Daisy,https://cdn.myanimelist.net/images/company/2240.png
2196,Studio DURIAN,https://cdn.myanimelist.net/images/company/2196.png
1950,Sony Interactive Entertainment,https://cdn.myanimelist.net/images/company/1950.png
1693,Studio Flad,https://cdn.myanimelist.net/images/company/1693.png
1505,Studio March,https://cdn.myanimelist.net/images/company/1505.png
1436,Stingray,https://cdn.myanimelist.net/images/company/1436.png
781,Studio NOIX,https://cdn.myanimelist.net/images/company/781.png
2759,Sakura Eiga-sha,https://cdn.myanimelist.net/images/company/2759.png
2647,Studio A. Craft,https://cdn.myanimelist.net/images/company/2647.png
2625,Square Pictures,https://cdn.myanimelist.net/images/company/2625.png
2601,Sunflowers,https://cdn.myanimelist.net/images/company/2601.png
2557,Shenfan Animation,https://cdn.myanimelist.net/images/company/2557.png
2490,Studio Dolphin Night,https://cdn.myanimelist.net/images/company/2490.png
2459,Studio Gazelle,https://cdn.myanimelist.net/images/company/2459.png
2333,Space-X,https://cdn.myanimelist.net/images/company/2333.png
2205,Studio Kafka,https://cdn.myanimelist.net/images/company/2205.png
2161,Suspenders,https://cdn.myanimelist.net/images/company/2161.png
1944,Samsara Animation Studio,https://cdn.myanimelist.net/images/company/1944.png
1813,Studio Lings,https://cdn.myanimelist.net/images/company/1813.png
1776,Studio Mir,https://cdn.myanimelist.net/images/company/1776.png
1691,Studio UGOKI,https://cdn.myanimelist.net/images/company/1691.png
1641,Studio AWAKE,https://cdn.myanimelist.net/images/company/1641.png
1370,Sprite Animation Studios,https://cdn.myanimelist.net/images/company/1370.png
1266,Studio! Cucuri,https://cdn.myanimelist.net/images/company/1266.png
1071,Studio Lotus,https://cdn.myanimelist.net/images/company/1071.png
2760,Studio Add,https://cdn.myanimelist.net/images/company/2760.png
2742,Studio N,https://cdn.myanimelist.net/images/company/2742.png
2722,Studio Fusion,https://cdn.myanimelist.net/images/company/2722.png
2651,Stereotype,https://cdn.myanimelist.net/images/company/2651.png
2626,Studio D-Volt,https://cdn.myanimelist.net/images/company/2626.png
2582,Starlight Entertainment,https://cdn.myanimelist.net/images/company/2582.png
2562,Studio Himalaya,https://cdn.myanimelist.net/images/company/2562.png
2524,SANDWICHWORKS,https://cdn.myanimelist.net/images/company/2524.png
2516,Studio Cats,https://cdn.myanimelist.net/images/company/2516.png
2493,Studio B&M,https://cdn.myanimelist.net/images/company/2493.png
2492,Studio Jin,https://cdn.myanimelist.net/images/company/2492.png
2429,STUDIO6'oN,https://cdn.myanimelist.net/images/company/2429.png
2391,Sumomo Film,https://cdn.myanimelist.net/images/company/2391.png
2378,StarLink,https://cdn.myanimelist.net/images/company/2378.png
2351,Studio Gadget,https://cdn.myanimelist.net/images/company/2351.png
2313,studio hb,https://cdn.myanimelist.net/images/company/2313.png
2295,Story Effect,https://cdn.myanimelist.net/images/company/2295.png
2284,SJYNEXCUS,https://cdn.myanimelist.net/images/company/2284.png
2130,Studio Shelter,https://cdn.myanimelist.net/images/company/2130.png
1871,Studio W.Baba,https://cdn.myanimelist.net/images/company/1871.png
1839,Studio Ppuri,https://cdn.myanimelist.net/images/company/1839.png
1814,Studio Hakk,https://cdn.myanimelist.net/images/company/1814.png
1750,Studio CA,https://cdn.myanimelist.net/images/company/1750.png
1705,Studio Khronos,https://cdn.myanimelist.net/images/company/1705.png
1666,Studio Carbuncle,https://cdn.myanimelist.net/images/company/1666.png
1533,Studio WHO,https://cdn.myanimelist.net/images/company/1533.png
1504,Studio Z5,https://cdn.myanimelist.net/images/company/1504.png
73,TMS Entertainment,https://cdn.myanimelist.net/images/company/73.png
145,TBS,https://cdn.myanimelist.net/images/company/145.png
103,Tatsunoko Production,https://cdn.myanimelist.net/images/company/103.png
1727,Tencent Penguin Pictures,https://cdn.myanimelist.net/images/company/1727.png
120,TNK,https://cdn.myanimelist.net/images/company/120.png
94,Telecom Animation Film,https://cdn.myanimelist.net/images/company/94.png
229,The Answer Studio,https://cdn.myanimelist.net/images/company/229.png
2214,Takun Manga Box,https://cdn.myanimelist.net/images/company/2214.png
882,Toranoana,https://cdn.myanimelist.net/images/company/882.png
1103,TROYCA,https://cdn.myanimelist.net/images/company/1103.png
2307,Tamabi,https://cdn.myanimelist.net/images/company/2307.png
1340,Typhoon Graphics,https://cdn.myanimelist.net/images/company/1340.png
2050,Trash Studio,https://cdn.myanimelist.net/images/company/2050.png
1843,TriF Studio,https://cdn.myanimelist.net/images/company/1843.png
1805,Thundray,https://cdn.myanimelist.net/images/company/1805.png
1265,Tomovies,https://cdn.myanimelist.net/images/company/1265.png
2057,Toho Interactive Animation,https://cdn.myanimelist.net/images/company/2057.png
363,Topcraft,https://cdn.myanimelist.net/images/company/363.png
2208,Taikong Works,https://cdn.myanimelist.net/images/company/2208.png
2163,Teatro Nishi Tokyo Studio,https://cdn.myanimelist.net/images/company/2163.png
2075,Taomee,https://cdn.myanimelist.net/images/company/2075.png
1890,Tear Studio,https://cdn.myanimelist.net/images/company/1890.png
1562,Team YokkyuFuman,https://cdn.myanimelist.net/images/company/1562.png
345,TAKI Corporation,https://cdn.myanimelist.net/images/company/345.png
327,Takara,https://cdn.myanimelist.net/images/company/327.png
2352,Tryforce,https://cdn.myanimelist.net/images/company/2352.png
2084,Tong Ming Xuan,https://cdn.myanimelist.net/images/company/2084.png
1356,Tonko House,https://cdn.myanimelist.net/images/company/1356.png
587,Tomason,https://cdn.myanimelist.net/images/company/587.png
2705,TOHO animation STUDIO,https://cdn.myanimelist.net/images/company/2705.png
2605,Tonari Animation,https://cdn.myanimelist.net/images/company/2605.png
2476,Tohjak,https://cdn.myanimelist.net/images/company/2476.png
2456,team Yamahitsuji,https://cdn.myanimelist.net/images/company/2456.png
2251,TthunDer Animation,https://cdn.myanimelist.net/images/company/2251.png
2141,TANOsim,https://cdn.myanimelist.net/images/company/2141.png
1514,Tengu Kobo,https://cdn.myanimelist.net/images/company/1514.png
2643,The Gate Studio,https://cdn.myanimelist.net/images/company/2643.png
2602,TanKong Pictures,https://cdn.myanimelist.net/images/company/2602.png
2595,TypeZero,https://cdn.myanimelist.net/images/company/2595.png
2520,Twilight Town,https://cdn.myanimelist.net/images/company/2520.png
2489,Tsubo Production,https://cdn.myanimelist.net/images/company/2489.png
2461,Twenty First,https://cdn.myanimelist.net/images/company/2461.png
2451,TEC,https://cdn.myanimelist.net/images/company/2451.png
2420,Tanglin Culture,https://cdn.myanimelist.net/images/company/2420.png
2417,TiMi Studio Group,https://cdn.myanimelist.net/images/company/2417.png
2184,The Monk Studios,https://cdn.myanimelist.net/images/company/2184.png
2136,Ten Tails Animation,https://cdn.myanimelist.net/images/company/2136.png
2027,Team TillDawn,https://cdn.myanimelist.net/images/company/2027.png
1650,Twilight Studio,https://cdn.myanimelist.net/images/company/1650.png
1638,Tsukimidou,https://cdn.myanimelist.net/images/company/1638.png
1558,TOCSIS,https://cdn.myanimelist.net/images/company/1558.png
43,ufotable,https://cdn.myanimelist.net/images/company/43.png
1882,UWAN Pictures,https://cdn.myanimelist.net/images/company/1882.png
1842,Urban Product,https://cdn.myanimelist.net/images/company/1842.png
2723,Unend,https://cdn.myanimelist.net/images/company/2723.png
2656,UchuPeople,https://cdn.myanimelist.net/images/company/2656.png
2698,Voil,https://cdn.myanimelist.net/images/company/2698.png
2129,Visual Flight,https://cdn.myanimelist.net/images/company/2129.png
1969,V-sign,https://cdn.myanimelist.net/images/company/1969.png
415,Warner Bros. Japan,https://cdn.myanimelist.net/images/company/415.png
858,Wit Studio,https://cdn.myanimelist.net/images/company/858.png
314,White Fox,https://cdn.myanimelist.net/images/company/314.png
318,WAO World,https://cdn.myanimelist.net/images/company/318.png
1396,W-Toon Studio,https://cdn.myanimelist.net/images/company/1396.png
1772,Wawayu Animation,https://cdn.myanimelist.net/images/company/1772.png
2471,Wonder Cat Animation,https://cdn.myanimelist.net/images/company/2471.png
2597,Wong Ping Animation Lab,https://cdn.myanimelist.net/images/company/2597.png
1970,Wolf Smoke Studio,https://cdn.myanimelist.net/images/company/1970.png
2270,Wise Guy,https://cdn.myanimelist.net/images/company/2270.png
2573,Watanabe Promotion,https://cdn.myanimelist.net/images/company/2573.png
2070,Wei Chuang Jiang Xin,https://cdn.myanimelist.net/images/company/2070.png
2060,Wulifang Digital,https://cdn.myanimelist.net/images/company/2060.png
1596,Will Palette,https://cdn.myanimelist.net/images/company/1596.png
2089,Wan Wei Mao Donghua,https://cdn.myanimelist.net/images/company/2089.png
27,Xebec,https://cdn.myanimelist.net/images/company/27.png
2257,XEBEC M2,https://cdn.myanimelist.net/images/company/2257.png
2206,Xuni Ying Ye,https://cdn.myanimelist.net/images/company/2206.png
2091,Xanthus Media,https://cdn.myanimelist.net/images/company/2091.png
1492,Yomiuri TV Enterprise,https://cdn.myanimelist.net/images/company/1492.png
96,Yumeta Company,https://cdn.myanimelist.net/images/company/96.png
2447,Youku,https://cdn.myanimelist.net/images/company/2447.png
1687,Yokohama Animation Lab,https://cdn.myanimelist.net/images/company/1687.png
1560,Yaoyorozu,https://cdn.myanimelist.net/images/company/1560.png
1958,YHKT Entertainment,https://cdn.myanimelist.net/images/company/1958.png
2194,Yi Chen Animation,https://cdn.myanimelist.net/images/company/2194.png
2438,yell,https://cdn.myanimelist.net/images/company/2438.png
2569,Yinhe Changxing Culture,https://cdn.myanimelist.net/images/company/2569.png
2564,Yamiken,https://cdn.myanimelist.net/images/company/2564.png
2555,Year Young Culture,https://cdn.myanimelist.net/images/company/2555.png
1665,Yili Animation Studio,https://cdn.myanimelist.net/images/company/1665.png
2583,Yuntu Animation,https://cdn.myanimelist.net/images/company/2583.png
218,Zexcs,https://cdn.myanimelist.net/images/company/218.png
1379,Zero-G,https://cdn.myanimelist.net/images/company/1379.png
1376,ZOOM ENTERPRISE,https://cdn.myanimelist.net/images/company/1376.png
